{
    "info": {
        "_postman_id": "f772e216-e609-4dda-95f0-16b3c96671b1",
        "name": "usersauth",
        "schema": "https://schema.getpostman.com/json/collection/v2.1.0/collection.json",
        "description": ""
    },
    "item": [
        {
            "name": "login",
            "request": {
                "method": "POST",
                "url": {
                    "raw": "http://localhost:8800/api/users/login",
                    "path": [
                        "api",
                        "users",
                        "login"
                    ],
                    "protocol": "http",
                    "host": [
                        "localhost"
                    ],
                    "port": "8800"
                },
                "body": {
                    "mode": "raw",
                    "options": {
                        "raw": {
                            "language": "json"
                        }
                    },
                    "raw": "{\n  \"email\":\"sai@sai.com\",\n  \"password\":\"123\"\n}"
                }
            }
        },
        {
            "name": "current user",
            "request": {
                "method": "GET",
                "url": {
                    "raw": "http://localhost:8800/api/users/profile/66633ef65bcc4a8fe8975da7",
                    "path": [
                        "api",
                        "users",
                        "profile",
                        "66633ef65bcc4a8fe8975da7"
                    ],
                    "protocol": "http",
                    "host": [
                        "localhost"
                    ],
                    "port": "8800"
                },
                "auth": {
                    "type": "bearer",
                    "bearer": [
                        {
                            "key": "token",
                            "value": "eyJhbGciOiJIUzI1NiIsInR5cCI6IkpXVCJ9.eyJ1c2VySWQiOiI2NjYzM2VmNjViY2M0YThmZTg5NzVkYTciLCJpYXQiOjE3MTgxNjIyOTksImV4cCI6MTcxODI0ODY5OX0.7vDqk3a0J7F6hhtT_AgPppWGdGJSosy3KjeYzAKyiJ8",
                            "type": "string"
                        }
                    ]
                }
            }
        },
        {
            "name": "register",
            "request": {
                "method": "POST",
                "url": {
                    "raw": "http://localhost:8800/api/users/register",
                    "path": [
                        "api",
                        "users",
                        "register"
                    ],
                    "protocol": "http",
                    "host": [
                        "localhost"
                    ],
                    "port": "8800"
                },
                "body": {
                    "mode": "raw",
                    "options": {
                        "raw": {
                            "language": "json"
                        }
                    },
                    "raw": "{\n   \"email\":\"saimanikanta482@gmail.com\",\n  \"password\":\"8919321632aA@\",\n  \"name\":\"sesha\"\n}"
                }
            }
        },
        {
            "name": "getorders",
            "request": {
                "method": "GET",
                "url": {
                    "raw": "http://localhost:8800/api/order",
                    "path": [
                        "api",
                        "order"
                    ],
                    "protocol": "http",
                    "host": [
                        "localhost"
                    ],
                    "port": "8800"
                },
                "body": {
                    "mode": "raw",
                    "options": {
                        "raw": {
                            "language": "json"
                        }
                    },
                    "raw": "{\n  \"userId\":\"66633ef65bcc4a8fe8975da7\"\n}"
                }
            }
        },
        {
            "name": "updateorder",
            "request": {
                "method": "POST",
                "url": {
                    "raw": "http://localhost:8800/api/admin/orders",
                    "path": [
                        "api",
                        "admin",
                        "orders"
                    ],
                    "protocol": "http",
                    "host": [
                        "localhost"
                    ],
                    "port": "8800"
                },
                "body": {
                    "mode": "raw",
                    "options": {
                        "raw": {
                            "language": "json"
                        }
                    },
                    "raw": "{\n  \"id\":\"6667cd3d54b26b9dc0080ef9\",\n  \"isDelivered\":false\n  \n}"
                }
            }
        },
        {
            "name": "deleterequest",
            "request": {
                "method": "GET"
            }
        }
    ]
}